{
    "controller": {
        "id": 10
    },
    "Entity": {
        "name": "Skybox",
        "id": 2,
        "components": {
            "material": {
                "color": [
                    1.0,
                    1.0,
                    1.0
                ],
                "specstr": 0.30000001192092898,
                "specexp": 4,
                "textureid": 2,
                "shader": "SkyboxShader"
            },
            "mesh": {
                "name": "Skybox"
            }
        }
    },
    "Entity": {
        "name": "Light",
        "id": 4,
        "components": {
            "transform": {
                "position": [
                    0.0,
                    6.0,
                    0.0
                ],
                "rotation": [
                    0.0,
                    180.0,
                    0.0
                ],
                "scale": [
                    1.0,
                    1.0,
                    1.0
                ],
                "parent": -1
            },
            "material": {
                "color": [
                    0.10000000149011612,
                    0.10000000149011612,
                    0.800000011920929
                ],
                "specstr": 0.30000001192092898,
                "specexp": 4,
                "textureid": 0,
                "shader": "TextureShader"
            },
            "mesh": {
                "name": "Pyramid"
            },
            "light": {
                "ambstr": 0.30000001192092898,
                "ambcolor": [
                    0.30000001192092898,
                    0.30000001192092898,
                    0.30000001192092898
                ],
                "lightstr": 0.699999988079071,
                "lightcolor": [
                    0.30000001192092898,
                    0.30000001192092898,
                    0.30000001192092898
                ],
                "color": [
                    1.0,
                    1.0,
                    1.0
                ]
            }
        }
    },
    "Entity": {
        "name": "Player",
        "id": 12,
        "components": {
            "transform": {
                "position": [
                    0.0,
                    1.0,
                    0.0
                ],
                "rotation": [
                    0.0,
                    0.0,
                    0.0
                ],
                "scale": [
                    1.0,
                    1.0,
                    1.0
                ],
                "parent": -1
            },
            "material": {
                "color": [
                    1.0,
                    1.0,
                    1.0
                ],
                "specstr": 0.30000001192092898,
                "specexp": 4,
                "textureid": 0,
                "shader": "PlainShader"
            },
            "mesh": {
                "name": "Ball"
            },
            "input": {
                "isController": true
            }
        }
    }
}